Actual PM10,Predicted PM10
21,16.60312953604464
19,18.9030975792147
30,27.22876267426564
21,23.498143600391828
22,23.172254932008684
18,22.745082198857304
27,24.942125895452996
